barcode,sample_type,cancer_status
TCGA-3N-A9WB-06A-11R-A38C-07,Metastatic,Tumor
TCGA-3N-A9WC-06A-11R-A38C-07,Metastatic,Tumor
TCGA-3N-A9WD-06A-11R-A38C-07,Metastatic,Tumor
TCGA-BF-AAP0-06A-11R-A39D-07,Metastatic,Tumor
TCGA-D3-A1Q1-06A-21R-A18T-07,Metastatic,Tumor
TCGA-D3-A1Q3-06A-11R-A18T-07,Metastatic,Tumor
TCGA-D3-A1Q4-06A-11R-A18T-07,Metastatic,Tumor
TCGA-D3-A1Q5-06A-11R-A18T-07,Metastatic,Tumor
TCGA-D3-A1Q6-06A-11R-A18T-07,Metastatic,Tumor
TCGA-D3-A1Q7-06A-11R-A18T-07,Metastatic,Tumor
TCGA-D3-A1Q8-06A-11R-A18T-07,Metastatic,Tumor
TCGA-D3-A1Q9-06A-11R-A18T-07,Metastatic,Tumor
TCGA-D3-A1QA-06A-11R-A18T-07,Metastatic,Tumor
TCGA-D3-A1QB-06A-11R-A18T-07,Metastatic,Tumor
TCGA-D3-A2J6-06A-11R-A18T-07,Metastatic,Tumor
TCGA-D3-A2J7-06A-11R-A18T-07,Metastatic,Tumor
TCGA-D3-A2J8-06A-11R-A18T-07,Metastatic,Tumor
TCGA-D3-A2J9-06A-11R-A18T-07,Metastatic,Tumor
TCGA-D3-A2JA-06A-11R-A18T-07,Metastatic,Tumor
TCGA-D3-A2JB-06A-11R-A18T-07,Metastatic,Tumor
TCGA-D3-A2JC-06A-11R-A18T-07,Metastatic,Tumor
TCGA-D3-A2JD-06A-11R-A18T-07,Metastatic,Tumor
TCGA-D3-A2JE-06A-11R-A37K-07,Metastatic,Tumor
TCGA-D3-A2JF-06A-11R-A18S-07,Metastatic,Tumor
TCGA-D3-A2JG-06A-11R-A18T-07,Metastatic,Tumor
TCGA-D3-A2JH-06A-11R-A18T-07,Metastatic,Tumor
TCGA-D3-A2JK-06A-11R-A18S-07,Metastatic,Tumor
TCGA-D3-A2JL-06A-11R-A18S-07,Metastatic,Tumor
TCGA-D3-A2JN-06A-11R-A18S-07,Metastatic,Tumor
TCGA-D3-A2JO-06A-11R-A18S-07,Metastatic,Tumor
TCGA-D3-A2JP-06A-11R-A18S-07,Metastatic,Tumor
TCGA-D3-A3BZ-06A-12R-A18S-07,Metastatic,Tumor
TCGA-D3-A3C6-06A-12R-A18U-07,Metastatic,Tumor
TCGA-D3-A3C7-06A-11R-A18U-07,Metastatic,Tumor
TCGA-D3-A3C8-06A-12R-A18S-07,Metastatic,Tumor
TCGA-D3-A3CB-06A-11R-A18S-07,Metastatic,Tumor
TCGA-D3-A3CC-06A-11R-A18S-07,Metastatic,Tumor
TCGA-D3-A3CE-06A-11R-A18S-07,Metastatic,Tumor
TCGA-D3-A3CF-06A-11R-A18T-07,Metastatic,Tumor
TCGA-D3-A3ML-06A-11R-A21D-07,Metastatic,Tumor
TCGA-D3-A3MO-06A-11R-A21D-07,Metastatic,Tumor
TCGA-D3-A3MR-06A-11R-A21D-07,Metastatic,Tumor
TCGA-D3-A3MU-06A-11R-A21D-07,Metastatic,Tumor
TCGA-D3-A3MV-06A-11R-A21D-07,Metastatic,Tumor
TCGA-D3-A51E-06A-11R-A266-07,Metastatic,Tumor
TCGA-D3-A51F-06A-11R-A266-07,Metastatic,Tumor
TCGA-D3-A51H-06A-12R-A266-07,Metastatic,Tumor
TCGA-D3-A51J-06A-11R-A266-07,Metastatic,Tumor
TCGA-D3-A51K-06A-11R-A266-07,Metastatic,Tumor
TCGA-D3-A51N-06A-11R-A266-07,Metastatic,Tumor
TCGA-D3-A51R-06A-11R-A266-07,Metastatic,Tumor
TCGA-D3-A51T-06A-11R-A266-07,Metastatic,Tumor
TCGA-D3-A5GL-06A-11R-A27Q-07,Metastatic,Tumor
TCGA-D3-A5GN-06A-11R-A27Q-07,Metastatic,Tumor
TCGA-D3-A5GO-06A-12R-A27Q-07,Metastatic,Tumor
TCGA-D3-A5GR-06A-11R-A27Q-07,Metastatic,Tumor
TCGA-D3-A5GS-06A-11R-A27Q-07,Metastatic,Tumor
TCGA-D3-A5GU-06A-11R-A27Q-07,Metastatic,Tumor
TCGA-D3-A8GB-06A-11R-A37K-07,Metastatic,Tumor
TCGA-D3-A8GC-06A-11R-A37K-07,Metastatic,Tumor
TCGA-D3-A8GD-06A-11R-A37K-07,Metastatic,Tumor
TCGA-D3-A8GE-06A-11R-A37K-07,Metastatic,Tumor
TCGA-D3-A8GI-06A-11R-A37K-07,Metastatic,Tumor
TCGA-D3-A8GJ-06A-11R-A37K-07,Metastatic,Tumor
TCGA-D3-A8GK-06A-11R-A37K-07,Metastatic,Tumor
TCGA-D3-A8GL-06A-11R-A37K-07,Metastatic,Tumor
TCGA-D3-A8GM-06A-11R-A37K-07,Metastatic,Tumor
TCGA-D3-A8GN-06A-11R-A37K-07,Metastatic,Tumor
TCGA-D3-A8GP-06A-11R-A37K-07,Metastatic,Tumor
TCGA-D3-A8GQ-06A-11R-A37K-07,Metastatic,Tumor
TCGA-D3-A8GR-06A-11R-A37K-07,Metastatic,Tumor
TCGA-D3-A8GS-06A-12R-A37K-07,Metastatic,Tumor
TCGA-D3-A8GV-06A-11R-A37K-07,Metastatic,Tumor
TCGA-D9-A148-06A-11R-A18S-07,Metastatic,Tumor
TCGA-D9-A149-06A-11R-A18S-07,Metastatic,Tumor
TCGA-D9-A1JX-06A-11R-A18S-07,Metastatic,Tumor
TCGA-D9-A1X3-06A-11R-A18S-07,Metastatic,Tumor
TCGA-D9-A3Z1-06A-11R-A239-07,Metastatic,Tumor
TCGA-D9-A3Z3-06A-11R-A239-07,Metastatic,Tumor
TCGA-D9-A4Z6-06A-12R-A266-07,Metastatic,Tumor
TCGA-D9-A6E9-06A-12R-A311-07,Metastatic,Tumor
TCGA-D9-A6EA-06A-11R-A311-07,Metastatic,Tumor
TCGA-D9-A6EC-06A-11R-A311-07,Metastatic,Tumor
TCGA-D9-A6EG-06A-12R-A32P-07,Metastatic,Tumor
TCGA-DA-A1HV-06A-21R-A18S-07,Metastatic,Tumor
TCGA-DA-A1HW-06A-11R-A18U-07,Metastatic,Tumor
TCGA-DA-A1HY-06A-11R-A18T-07,Metastatic,Tumor
TCGA-DA-A1I0-06A-11R-A20F-07,Metastatic,Tumor
TCGA-DA-A1I1-06A-12R-A18U-07,Metastatic,Tumor
TCGA-DA-A1I2-06A-21R-A18U-07,Metastatic,Tumor
TCGA-DA-A1I4-06A-11R-A18U-07,Metastatic,Tumor
TCGA-DA-A1I5-06A-11R-A18T-07,Metastatic,Tumor
TCGA-DA-A1I7-06A-22R-A18S-07,Metastatic,Tumor
TCGA-DA-A1I8-06A-11R-A18T-07,Metastatic,Tumor
TCGA-DA-A1IA-06A-11R-A18S-07,Metastatic,Tumor
TCGA-DA-A1IB-06A-11R-A18S-07,Metastatic,Tumor
TCGA-DA-A1IC-06A-11R-A18S-07,Metastatic,Tumor
TCGA-DA-A3F2-06A-11R-A20F-07,Metastatic,Tumor
TCGA-DA-A3F3-06A-11R-A20F-07,Metastatic,Tumor
TCGA-DA-A3F5-06A-11R-A20F-07,Metastatic,Tumor
TCGA-DA-A3F8-06A-11R-A20F-07,Metastatic,Tumor
TCGA-DA-A95V-06A-11R-A37K-07,Metastatic,Tumor
TCGA-DA-A95W-06A-11R-A37K-07,Metastatic,Tumor
TCGA-DA-A95X-06A-11R-A37K-07,Metastatic,Tumor
TCGA-DA-A95Y-06A-11R-A37K-07,Metastatic,Tumor
TCGA-DA-A95Z-06A-11R-A37K-07,Metastatic,Tumor
TCGA-EB-A44Q-06A-11R-A266-07,Metastatic,Tumor
TCGA-EB-A44R-06A-41R-A266-07,Metastatic,Tumor
TCGA-EB-A5KH-06A-11R-A27Q-07,Metastatic,Tumor
TCGA-EB-A5SG-06A-11R-A311-07,Metastatic,Tumor
TCGA-EB-A5SH-06A-11R-A311-07,Metastatic,Tumor
TCGA-EB-A5UL-06A-11R-A311-07,Metastatic,Tumor
TCGA-EB-A5UN-06A-11R-A311-07,Metastatic,Tumor
TCGA-EB-A5VV-06A-11R-A32P-07,Metastatic,Tumor
TCGA-EB-A6L9-06A-11R-A32P-07,Metastatic,Tumor
TCGA-EE-A17X-06A-11R-A18S-07,Metastatic,Tumor
TCGA-EE-A17Y-06A-11R-A18T-07,Metastatic,Tumor
TCGA-EE-A17Z-06A-11R-A18S-07,Metastatic,Tumor
TCGA-EE-A180-06A-11R-A21D-07,Metastatic,Tumor
TCGA-EE-A181-06A-11R-A18S-07,Metastatic,Tumor
TCGA-EE-A182-06A-11R-A18T-07,Metastatic,Tumor
TCGA-EE-A183-06A-11R-A18S-07,Metastatic,Tumor
TCGA-EE-A184-06A-11R-A18S-07,Metastatic,Tumor
TCGA-EE-A185-06A-11R-A18S-07,Metastatic,Tumor
TCGA-EE-A20B-06A-11R-A18U-07,Metastatic,Tumor
TCGA-EE-A20C-06A-11R-A18S-07,Metastatic,Tumor
TCGA-EE-A20F-06A-21R-A18S-07,Metastatic,Tumor
TCGA-EE-A20H-06A-11R-A18S-07,Metastatic,Tumor
TCGA-EE-A20I-06A-11R-A18U-07,Metastatic,Tumor
TCGA-EE-A29A-06A-12R-A18U-07,Metastatic,Tumor
TCGA-EE-A29B-06A-11R-A18U-07,Metastatic,Tumor
TCGA-EE-A29C-06A-21R-A18S-07,Metastatic,Tumor
TCGA-EE-A29D-06A-11R-A18T-07,Metastatic,Tumor
TCGA-EE-A29E-06A-11R-A18T-07,Metastatic,Tumor
TCGA-EE-A29G-06A-12R-A18T-07,Metastatic,Tumor
TCGA-EE-A29H-06A-12R-A18S-07,Metastatic,Tumor
TCGA-EE-A29L-06A-12R-A18S-07,Metastatic,Tumor
TCGA-EE-A29M-06A-11R-A18T-07,Metastatic,Tumor
TCGA-EE-A29N-06A-12R-A18S-07,Metastatic,Tumor
TCGA-EE-A29P-06A-11R-A18T-07,Metastatic,Tumor
TCGA-EE-A29Q-06A-11R-A18T-07,Metastatic,Tumor
TCGA-EE-A29R-06A-11R-A18T-07,Metastatic,Tumor
TCGA-EE-A29S-06A-11R-A18T-07,Metastatic,Tumor
TCGA-EE-A29T-06A-11R-A18T-07,Metastatic,Tumor
TCGA-EE-A29V-06A-12R-A18S-07,Metastatic,Tumor
TCGA-EE-A29W-06A-11R-A18U-07,Metastatic,Tumor
TCGA-EE-A29X-06A-11R-A18T-07,Metastatic,Tumor
TCGA-EE-A2A0-06A-11R-A18T-07,Metastatic,Tumor
TCGA-EE-A2A1-06A-11R-A18T-07,Metastatic,Tumor
TCGA-EE-A2A2-06A-11R-A18T-07,Metastatic,Tumor
TCGA-EE-A2A5-06A-11R-A18T-07,Metastatic,Tumor
TCGA-EE-A2A6-06A-11R-A18T-07,Metastatic,Tumor
TCGA-EE-A2GB-06A-11R-A18T-07,Metastatic,Tumor
TCGA-EE-A2GC-06A-11R-A18T-07,Metastatic,Tumor
TCGA-EE-A2GD-06A-11R-A18T-07,Metastatic,Tumor
TCGA-EE-A2GE-06A-11R-A18T-07,Metastatic,Tumor
TCGA-EE-A2GH-06A-11R-A18T-07,Metastatic,Tumor
TCGA-EE-A2GI-06A-11R-A18T-07,Metastatic,Tumor
TCGA-EE-A2GJ-06A-11R-A18U-07,Metastatic,Tumor
TCGA-EE-A2GK-06A-11R-A18S-07,Metastatic,Tumor
TCGA-EE-A2GL-06A-11R-A18S-07,Metastatic,Tumor
TCGA-EE-A2GM-06B-11R-A18S-07,Metastatic,Tumor
TCGA-EE-A2GN-06A-11R-A18S-07,Metastatic,Tumor
TCGA-EE-A2GO-06A-11R-A18S-07,Metastatic,Tumor
TCGA-EE-A2GP-06A-11R-A18S-07,Metastatic,Tumor
TCGA-EE-A2GR-06A-11R-A18S-07,Metastatic,Tumor
TCGA-EE-A2GS-06A-12R-A18S-07,Metastatic,Tumor
TCGA-EE-A2GT-06A-12R-A18S-07,Metastatic,Tumor
TCGA-EE-A2GU-06A-11R-A18T-07,Metastatic,Tumor
TCGA-EE-A2M5-06A-12R-A18S-07,Metastatic,Tumor
TCGA-EE-A2M6-06A-12R-A18S-07,Metastatic,Tumor
TCGA-EE-A2M7-06A-11R-A18U-07,Metastatic,Tumor
TCGA-EE-A2M8-06A-12R-A18S-07,Metastatic,Tumor
TCGA-EE-A2MC-06A-12R-A18S-07,Metastatic,Tumor
TCGA-EE-A2MD-06A-11R-A18T-07,Metastatic,Tumor
TCGA-EE-A2ME-06A-11R-A18T-07,Metastatic,Tumor
TCGA-EE-A2MF-06A-11R-A21D-07,Metastatic,Tumor
TCGA-EE-A2MG-06A-11R-A18T-07,Metastatic,Tumor
TCGA-EE-A2MH-06A-11R-A18S-07,Metastatic,Tumor
TCGA-EE-A2MI-06A-11R-A18U-07,Metastatic,Tumor
TCGA-EE-A2MJ-06A-11R-A18S-07,Metastatic,Tumor
TCGA-EE-A2MK-06A-11R-A18S-07,Metastatic,Tumor
TCGA-EE-A2ML-06A-11R-A18S-07,Metastatic,Tumor
TCGA-EE-A2MM-06A-11R-A18S-07,Metastatic,Tumor
TCGA-EE-A2MN-06A-11R-A18S-07,Metastatic,Tumor
TCGA-EE-A2MP-06A-11R-A18S-07,Metastatic,Tumor
TCGA-EE-A2MQ-06A-11R-A18S-07,Metastatic,Tumor
TCGA-EE-A2MR-06A-11R-A18S-07,Metastatic,Tumor
TCGA-EE-A2MS-06A-11R-A18S-07,Metastatic,Tumor
TCGA-EE-A2MT-06A-11R-A18S-07,Metastatic,Tumor
TCGA-EE-A2MU-06A-21R-A18S-07,Metastatic,Tumor
TCGA-EE-A3AA-06A-11R-A18S-07,Metastatic,Tumor
TCGA-EE-A3AB-06A-11R-A18S-07,Metastatic,Tumor
TCGA-EE-A3AC-06A-11R-A18S-07,Metastatic,Tumor
TCGA-EE-A3AD-06A-11R-A18S-07,Metastatic,Tumor
TCGA-EE-A3AE-06A-11R-A18S-07,Metastatic,Tumor
TCGA-EE-A3AF-06A-11R-A18S-07,Metastatic,Tumor
TCGA-EE-A3AG-06A-31R-A18S-07,Metastatic,Tumor
TCGA-EE-A3AH-06A-11R-A18S-07,Metastatic,Tumor
TCGA-EE-A3J3-06A-11R-A20F-07,Metastatic,Tumor
TCGA-EE-A3J4-06A-11R-A20F-07,Metastatic,Tumor
TCGA-EE-A3J5-06A-11R-A20F-07,Metastatic,Tumor
TCGA-EE-A3J7-06A-11R-A20F-07,Metastatic,Tumor
TCGA-EE-A3J8-06A-11R-A20F-07,Metastatic,Tumor
TCGA-EE-A3JA-06A-11R-A20F-07,Metastatic,Tumor
TCGA-EE-A3JB-06A-11R-A21D-07,Metastatic,Tumor
TCGA-EE-A3JD-06A-11R-A20F-07,Metastatic,Tumor
TCGA-EE-A3JE-06A-11R-A20F-07,Metastatic,Tumor
TCGA-EE-A3JH-06A-11R-A21D-07,Metastatic,Tumor
TCGA-EE-A3JI-06A-11R-A21D-07,Metastatic,Tumor
TCGA-ER-A193-06A-12R-A18S-07,Metastatic,Tumor
TCGA-ER-A195-06A-11R-A18U-07,Metastatic,Tumor
TCGA-ER-A197-06A-32R-A18S-07,Metastatic,Tumor
TCGA-ER-A198-06A-11R-A18T-07,Metastatic,Tumor
TCGA-ER-A199-06A-11R-A18T-07,Metastatic,Tumor
TCGA-ER-A19A-06A-21R-A18U-07,Metastatic,Tumor
TCGA-ER-A19B-06A-11R-A18S-07,Metastatic,Tumor
TCGA-ER-A19C-06A-11R-A18S-07,Metastatic,Tumor
TCGA-ER-A19D-06A-11R-A18S-07,Metastatic,Tumor
TCGA-ER-A19E-06A-11R-A18S-07,Metastatic,Tumor
TCGA-ER-A19F-06A-11R-A18S-07,Metastatic,Tumor
TCGA-ER-A19G-06A-11R-A18U-07,Metastatic,Tumor
TCGA-ER-A19H-06A-12R-A18S-07,Metastatic,Tumor
TCGA-ER-A19J-06A-11R-A18S-07,Metastatic,Tumor
TCGA-ER-A19L-06A-12R-A18S-07,Metastatic,Tumor
TCGA-ER-A19M-06A-61R-A239-07,Metastatic,Tumor
TCGA-ER-A19N-06A-11R-A18S-07,Metastatic,Tumor
TCGA-ER-A19P-06A-11R-A18S-07,Metastatic,Tumor
TCGA-ER-A19Q-06A-11R-A18U-07,Metastatic,Tumor
TCGA-ER-A19S-06A-11R-A18U-07,Metastatic,Tumor
TCGA-ER-A19T-06A-11R-A18U-07,Metastatic,Tumor
TCGA-ER-A19W-06A-41R-A239-07,Metastatic,Tumor
TCGA-ER-A1A1-06A-11R-A18U-07,Metastatic,Tumor
TCGA-ER-A2NC-06A-11R-A18T-07,Metastatic,Tumor
TCGA-ER-A2ND-06A-11R-A18T-07,Metastatic,Tumor
TCGA-ER-A2NE-06A-21R-A18T-07,Metastatic,Tumor
TCGA-ER-A2NF-06A-11R-A18T-07,Metastatic,Tumor
TCGA-ER-A2NG-06A-11R-A18T-07,Metastatic,Tumor
TCGA-ER-A2NH-06A-11R-A18S-07,Metastatic,Tumor
TCGA-ER-A3ES-06A-11R-A20F-07,Metastatic,Tumor
TCGA-ER-A3ET-06A-11R-A20F-07,Metastatic,Tumor
TCGA-ER-A3EV-06A-11R-A20F-07,Metastatic,Tumor
TCGA-ER-A3PL-06A-11R-A239-07,Metastatic,Tumor
TCGA-ER-A42K-06A-11R-A24X-07,Metastatic,Tumor
TCGA-ER-A42L-06A-11R-A24X-07,Metastatic,Tumor
TCGA-FR-A3YN-06A-11R-A239-07,Metastatic,Tumor
TCGA-FR-A44A-06A-11R-A24X-07,Metastatic,Tumor
TCGA-FR-A69P-06A-21R-A311-07,Metastatic,Tumor
TCGA-FR-A729-06A-11R-A352-07,Metastatic,Tumor
TCGA-FR-A7U8-06A-21R-A352-07,Metastatic,Tumor
TCGA-FR-A7U9-06A-11R-A352-07,Metastatic,Tumor
TCGA-FR-A7UA-06A-32R-A352-07,Metastatic,Tumor
TCGA-FR-A8YC-06A-11R-A37K-07,Metastatic,Tumor
TCGA-FR-A8YD-06A-11R-A37K-07,Metastatic,Tumor
TCGA-FR-A8YE-06A-11R-A37K-07,Metastatic,Tumor
TCGA-FS-A1YW-06A-11R-A18T-07,Metastatic,Tumor
TCGA-FS-A1YX-06A-11R-A18T-07,Metastatic,Tumor
TCGA-FS-A1YY-06A-11R-A18T-07,Metastatic,Tumor
TCGA-FS-A1Z0-06A-11R-A18T-07,Metastatic,Tumor
TCGA-FS-A1Z3-06A-11R-A18T-07,Metastatic,Tumor
TCGA-FS-A1Z4-06A-11R-A18T-07,Metastatic,Tumor
TCGA-FS-A1Z7-06A-11R-A18T-07,Metastatic,Tumor
TCGA-FS-A1ZA-06A-11R-A18T-07,Metastatic,Tumor
TCGA-FS-A1ZB-06A-12R-A18S-07,Metastatic,Tumor
TCGA-FS-A1ZC-06A-11R-A18T-07,Metastatic,Tumor
TCGA-FS-A1ZD-06A-11R-A18T-07,Metastatic,Tumor
TCGA-FS-A1ZE-06A-11R-A18T-07,Metastatic,Tumor
TCGA-FS-A1ZF-06A-12R-A18S-07,Metastatic,Tumor
TCGA-FS-A1ZG-06A-11R-A18T-07,Metastatic,Tumor
TCGA-FS-A1ZH-06A-11R-A18T-07,Metastatic,Tumor
TCGA-FS-A1ZJ-06A-12R-A18S-07,Metastatic,Tumor
TCGA-FS-A1ZK-06A-11R-A18T-07,Metastatic,Tumor
TCGA-FS-A1ZM-06A-12R-A18S-07,Metastatic,Tumor
TCGA-FS-A1ZP-06A-11R-A18T-07,Metastatic,Tumor
TCGA-FS-A1ZQ-06A-11R-A18U-07,Metastatic,Tumor
TCGA-FS-A1ZR-06A-21R-A18U-07,Metastatic,Tumor
TCGA-FS-A1ZS-06A-12R-A18T-07,Metastatic,Tumor
TCGA-FS-A1ZT-06A-11R-A18U-07,Metastatic,Tumor
TCGA-FS-A1ZU-06A-12R-A18T-07,Metastatic,Tumor
TCGA-FS-A1ZW-06A-12R-A18T-07,Metastatic,Tumor
TCGA-FS-A1ZY-06A-11R-A18S-07,Metastatic,Tumor
TCGA-FS-A1ZZ-06A-11R-A18S-07,Metastatic,Tumor
TCGA-FS-A4F0-06A-11R-A24X-07,Metastatic,Tumor
TCGA-BF-A1PU-01A-11R-A18S-07,Primary Tumor,Tumor
TCGA-BF-A1PV-01A-11R-A18U-07,Primary Tumor,Tumor
TCGA-BF-A1PX-01A-12R-A18T-07,Primary Tumor,Tumor
TCGA-BF-A1PZ-01A-11R-A18S-07,Primary Tumor,Tumor
TCGA-BF-A1Q0-01A-21R-A18S-07,Primary Tumor,Tumor
TCGA-BF-A3DJ-01A-11R-A20F-07,Primary Tumor,Tumor
TCGA-BF-A3DL-01A-11R-A20F-07,Primary Tumor,Tumor
TCGA-BF-A3DM-01A-11R-A20F-07,Primary Tumor,Tumor
TCGA-BF-A3DN-01A-11R-A20F-07,Primary Tumor,Tumor
TCGA-BF-A5EO-01A-12R-A27Q-07,Primary Tumor,Tumor
TCGA-BF-A5EP-01A-12R-A27Q-07,Primary Tumor,Tumor
TCGA-BF-A5EQ-01A-21R-A27Q-07,Primary Tumor,Tumor
TCGA-BF-A5ER-01A-12R-A27Q-07,Primary Tumor,Tumor
TCGA-BF-A5ES-01A-11R-A27Q-07,Primary Tumor,Tumor
TCGA-BF-A9VF-01A-11R-A37K-07,Primary Tumor,Tumor
TCGA-BF-AAOU-01A-12R-A39D-07,Primary Tumor,Tumor
TCGA-BF-AAOX-01A-11R-A39D-07,Primary Tumor,Tumor
TCGA-BF-AAP1-01A-11R-A39D-07,Primary Tumor,Tumor
TCGA-BF-AAP2-01A-11R-A40A-07,Primary Tumor,Tumor
TCGA-BF-AAP4-01A-11R-A40A-07,Primary Tumor,Tumor
TCGA-BF-AAP6-01A-11R-A40A-07,Primary Tumor,Tumor
TCGA-BF-AAP7-01A-11R-A40A-07,Primary Tumor,Tumor
TCGA-BF-AAP8-01A-11R-A40A-07,Primary Tumor,Tumor
TCGA-D3-A5GT-01A-12R-A311-07,Primary Tumor,Tumor
TCGA-D9-A3Z4-01A-11R-A239-07,Primary Tumor,Tumor
TCGA-D9-A4Z2-01A-11R-A24X-07,Primary Tumor,Tumor
TCGA-D9-A4Z3-01A-11R-A266-07,Primary Tumor,Tumor
TCGA-D9-A4Z5-01A-11R-A266-07,Primary Tumor,Tumor
TCGA-DA-A960-01A-11R-A37K-07,Primary Tumor,Tumor
TCGA-EB-A1NK-01A-11R-A18T-07,Primary Tumor,Tumor
TCGA-EB-A24C-01A-11R-A18T-07,Primary Tumor,Tumor
TCGA-EB-A24D-01A-11R-A18T-07,Primary Tumor,Tumor
TCGA-EB-A299-01A-21R-A18U-07,Primary Tumor,Tumor
TCGA-EB-A3HV-01A-11R-A21D-07,Primary Tumor,Tumor
TCGA-EB-A3XB-01A-11R-A239-07,Primary Tumor,Tumor
TCGA-EB-A3XC-01A-11R-A239-07,Primary Tumor,Tumor
TCGA-EB-A3XD-01A-22R-A239-07,Primary Tumor,Tumor
TCGA-EB-A3XE-01A-12R-A239-07,Primary Tumor,Tumor
TCGA-EB-A3XF-01A-31R-A239-07,Primary Tumor,Tumor
TCGA-EB-A3Y6-01A-21R-A239-07,Primary Tumor,Tumor
TCGA-EB-A3Y7-01A-11R-A239-07,Primary Tumor,Tumor
TCGA-EB-A41B-01A-11R-A24X-07,Primary Tumor,Tumor
TCGA-EB-A42Y-01A-12R-A24X-07,Primary Tumor,Tumor
TCGA-EB-A42Z-01A-12R-A24X-07,Primary Tumor,Tumor
TCGA-EB-A431-01A-11R-A266-07,Primary Tumor,Tumor
TCGA-EB-A44N-01A-11R-A266-07,Primary Tumor,Tumor
TCGA-EB-A44O-01A-11R-A266-07,Primary Tumor,Tumor
TCGA-EB-A44P-01A-11R-A266-07,Primary Tumor,Tumor
TCGA-EB-A4IQ-01A-12R-A266-07,Primary Tumor,Tumor
TCGA-EB-A4IS-01A-21R-A266-07,Primary Tumor,Tumor
TCGA-EB-A4OY-01A-11R-A266-07,Primary Tumor,Tumor
TCGA-EB-A4OZ-01A-12R-A266-07,Primary Tumor,Tumor
TCGA-EB-A4P0-01A-41R-A266-07,Primary Tumor,Tumor
TCGA-EB-A4XL-01A-11R-A27Q-07,Primary Tumor,Tumor
TCGA-EB-A51B-01A-11R-A27Q-07,Primary Tumor,Tumor
TCGA-EB-A550-01A-61R-A27Q-07,Primary Tumor,Tumor
TCGA-EB-A551-01A-21R-A27Q-07,Primary Tumor,Tumor
TCGA-EB-A553-01A-12R-A27Q-07,Primary Tumor,Tumor
TCGA-EB-A57M-01A-51R-A311-07,Primary Tumor,Tumor
TCGA-EB-A5FP-01A-11R-A27Q-07,Primary Tumor,Tumor
TCGA-EB-A5SE-01A-11R-A311-07,Primary Tumor,Tumor
TCGA-EB-A5SF-01A-11R-A311-07,Primary Tumor,Tumor
TCGA-EB-A5UM-01A-11R-A311-07,Primary Tumor,Tumor
TCGA-EB-A5VU-01A-21R-A32P-07,Primary Tumor,Tumor
TCGA-EB-A6QY-01A-12R-A32P-07,Primary Tumor,Tumor
TCGA-EB-A6QZ-01A-12R-A32P-07,Primary Tumor,Tumor
TCGA-EB-A6R0-01A-12R-A32P-07,Primary Tumor,Tumor
TCGA-EB-A82B-01A-11R-A352-07,Primary Tumor,Tumor
TCGA-EB-A82C-01A-11R-A352-07,Primary Tumor,Tumor
TCGA-EB-A85I-01A-11R-A352-07,Primary Tumor,Tumor
TCGA-EB-A85J-01A-12R-A352-07,Primary Tumor,Tumor
TCGA-EB-A97M-01A-11R-A38C-07,Primary Tumor,Tumor
TCGA-ER-A194-01A-11R-A18U-07,Primary Tumor,Tumor
TCGA-ER-A196-01A-11R-A18T-07,Primary Tumor,Tumor
TCGA-ER-A19K-01A-21R-A18T-07,Primary Tumor,Tumor
TCGA-ER-A19T-01A-11R-A18T-07,Primary Tumor,Tumor
TCGA-ER-A2NB-01A-12R-A18S-07,Primary Tumor,Tumor
TCGA-ER-A2NF-01A-11R-A18T-07,Primary Tumor,Tumor
TCGA-ER-A42H-01A-11R-A24X-07,Primary Tumor,Tumor
GTEX-111VG-2426-SM-5GZXD,Normal,Normal
GTEX-1122O-2126-SM-5EGIR,Normal,Normal
GTEX-1128S-2326-SM-5GZZY,Normal,Normal
GTEX-113IC-0126-SM-5HL6T,Normal,Normal
GTEX-113JC-2326-SM-5EQ4E,Normal,Normal
GTEX-117XS-2726-SM-5N9BL,Normal,Normal
GTEX-117YW-2626-SM-5GZZH,Normal,Normal
GTEX-117YX-2326-SM-5H12W,Normal,Normal
GTEX-1192W-2626-SM-5Q5AF,Normal,Normal
GTEX-1192X-0226-SM-5H12D,Normal,Normal
GTEX-11DXW-0226-SM-5H122,Normal,Normal
GTEX-11DXX-2426-SM-5GZZW,Normal,Normal
GTEX-11DXY-2626-SM-5GIE7,Normal,Normal
GTEX-11DXZ-2326-SM-5EGGV,Normal,Normal
GTEX-11DYG-0126-SM-59883,Normal,Normal
GTEX-11DZ1-0126-SM-5985Q,Normal,Normal
GTEX-11EI6-0126-SM-5985R,Normal,Normal
GTEX-11EM3-2426-SM-59861,Normal,Normal
GTEX-11EMC-2926-SM-5EQ4F,Normal,Normal
GTEX-11EQ9-2426-SM-5HL5T,Normal,Normal
GTEX-11GS4-2726-SM-5A5LE,Normal,Normal
GTEX-11GSO-2426-SM-5A5LY,Normal,Normal
GTEX-11GSP-2526-SM-5N9BP,Normal,Normal
GTEX-11H98-0126-SM-5EGHG,Normal,Normal
GTEX-11LCK-1026-SM-5A5KB,Normal,Normal
GTEX-11NSD-2226-SM-5986V,Normal,Normal
GTEX-11NUK-0126-SM-5A5L3,Normal,Normal
GTEX-11O72-0126-SM-59887,Normal,Normal
GTEX-11OC5-0126-SM-5HL6A,Normal,Normal
GTEX-11OF3-2626-SM-5GU7F,Normal,Normal
GTEX-11P7K-2126-SM-5GU7G,Normal,Normal
GTEX-11P81-2326-SM-59875,Normal,Normal
GTEX-11P82-1626-SM-59879,Normal,Normal
GTEX-11TT1-2526-SM-5EGIB,Normal,Normal
GTEX-11TTK-0126-SM-5987B,Normal,Normal
GTEX-11TUW-2726-SM-E9J4M,Normal,Normal
GTEX-11UD1-0126-SM-5PNYG,Normal,Normal
GTEX-11UD2-0226-SM-5EQKY,Normal,Normal
GTEX-11VI4-1726-SM-5CVLH,Normal,Normal
GTEX-11WQC-2526-SM-5CVLE,Normal,Normal
GTEX-11WQK-0526-SM-5EQLD,Normal,Normal
GTEX-11XUK-2026-SM-5EQLF,Normal,Normal
GTEX-11ZTS-0126-SM-5EQ6M,Normal,Normal
GTEX-11ZTT-2426-SM-5EQLS,Normal,Normal
GTEX-11ZU8-2526-SM-5EQKI,Normal,Normal
GTEX-11ZUS-0626-SM-59885,Normal,Normal
GTEX-11ZVC-2526-SM-5FQTE,Normal,Normal
GTEX-1211K-2026-SM-5EQ4Z,Normal,Normal
GTEX-12126-0326-SM-5PNW3,Normal,Normal
GTEX-1212Z-2526-SM-5EGKP,Normal,Normal
GTEX-12584-0126-SM-5EGKQ,Normal,Normal
GTEX-12696-2426-SM-5EQ6H,Normal,Normal
GTEX-1269C-2526-SM-5EGJ3,Normal,Normal
GTEX-12C56-1726-SM-5EQ61,Normal,Normal
GTEX-12KS4-0326-SM-5EQ41,Normal,Normal
GTEX-12WSA-0226-SM-5BC5V,Normal,Normal
GTEX-12WSC-0126-SM-5EQ4P,Normal,Normal
GTEX-12WSD-0126-SM-59HKN,Normal,Normal
GTEX-12WSE-0526-SM-793B2,Normal,Normal
GTEX-12WSG-2826-SM-E9J4H,Normal,Normal
GTEX-12WSJ-1826-SM-5GCNY,Normal,Normal
GTEX-12WSK-2326-SM-5GCOH,Normal,Normal
GTEX-12WSL-2526-SM-5GCNJ,Normal,Normal
GTEX-12WSN-5019-SM-79OM6,Normal,Normal
GTEX-12ZZX-0126-SM-5EGK9,Normal,Normal
GTEX-12ZZY-0226-SM-5LZVE,Normal,Normal
GTEX-12ZZZ-0626-SM-5DUXI,Normal,Normal
GTEX-13111-1626-SM-5EGJY,Normal,Normal
GTEX-13112-2826-SM-5DUWH,Normal,Normal
GTEX-13113-5016-SM-7EPIP,Normal,Normal
GTEX-1313W-0126-SM-5LZUN,Normal,Normal
GTEX-1314G-1526-SM-5EGK2,Normal,Normal
GTEX-131XE-2326-SM-5PNZ2,Normal,Normal
GTEX-131XF-5016-SM-7MGWE,Normal,Normal
GTEX-131XG-2626-SM-5KM17,Normal,Normal
GTEX-131XH-2226-SM-5DUXJ,Normal,Normal
GTEX-131XW-0426-SM-5LZWP,Normal,Normal
GTEX-131YS-0126-SM-5KM1M,Normal,Normal
GTEX-132NY-0326-SM-5IJBL,Normal,Normal
GTEX-133LE-1826-SM-5J1MV,Normal,Normal
GTEX-1399R-2726-SM-5IJBA,Normal,Normal
GTEX-1399T-2826-SM-5KLYZ,Normal,Normal
GTEX-1399U-2326-SM-5K7WY,Normal,Normal
GTEX-139D8-0226-SM-5KLZO,Normal,Normal
GTEX-139T4-0226-SM-5HL5S,Normal,Normal
GTEX-139T8-0126-SM-5K7XZ,Normal,Normal
GTEX-139TS-2826-SM-5J1OO,Normal,Normal
GTEX-139TT-0126-SM-5K7Y5,Normal,Normal
GTEX-139TU-0126-SM-5K7WH,Normal,Normal
GTEX-139UW-2826-SM-5L3E7,Normal,Normal
GTEX-13CF2-2526-SM-5LZYX,Normal,Normal
GTEX-13CF3-2426-SM-5IFGX,Normal,Normal
GTEX-13D11-2426-SM-5KM1V,Normal,Normal
GTEX-13FH7-2026-SM-E9J4I,Normal,Normal
GTEX-13FHO-0226-SM-5IFGY,Normal,Normal
GTEX-13FHP-0126-SM-5IJBG,Normal,Normal
GTEX-13FTW-2626-SM-5K7WL,Normal,Normal
GTEX-13FTX-1826-SM-5J1NX,Normal,Normal
GTEX-13FTY-0526-SM-5L3EV,Normal,Normal
GTEX-13FXS-0226-SM-5IJCK,Normal,Normal
GTEX-13G51-2526-SM-5LZYK,Normal,Normal
GTEX-13IVO-0126-SM-5J1NG,Normal,Normal
GTEX-13JUV-2726-SM-5LZZ8,Normal,Normal
GTEX-13N11-2526-SM-5K7UE,Normal,Normal
GTEX-13N1W-0126-SM-5K7VT,Normal,Normal
GTEX-13N2G-2626-SM-5J1OT,Normal,Normal
GTEX-13NYB-2526-SM-5K7Z6,Normal,Normal
GTEX-13NYC-0326-SM-E9J4S,Normal,Normal
GTEX-13NYS-0126-SM-5MR3W,Normal,Normal
GTEX-13NZ8-0826-SM-5MR3I,Normal,Normal
GTEX-13NZA-0226-SM-5K7Z7,Normal,Normal
GTEX-13NZB-2526-SM-5J1OM,Normal,Normal
GTEX-13O1R-0126-SM-5L3EH,Normal,Normal
GTEX-13O21-1426-SM-5K7XI,Normal,Normal
GTEX-13O3O-0126-SM-E9J49,Normal,Normal
GTEX-13O3P-0126-SM-5KM4S,Normal,Normal
GTEX-13O3Q-2426-SM-5IJBR,Normal,Normal
GTEX-13OVG-1926-SM-5L3DK,Normal,Normal
GTEX-13OVH-0126-SM-5MR4B,Normal,Normal
GTEX-13OVI-1426-SM-5L3EY,Normal,Normal
GTEX-13OVJ-0126-SM-5KM36,Normal,Normal
GTEX-13OVK-2026-SM-7KUEO,Normal,Normal
GTEX-13OVL-0226-SM-5L3E9,Normal,Normal
GTEX-13OW5-0126-SM-DTXFS,Normal,Normal
GTEX-13OW6-0426-SM-5L3HM,Normal,Normal
GTEX-13OW7-0126-SM-5MR3B,Normal,Normal
GTEX-13OW8-1326-SM-5J1OW,Normal,Normal
GTEX-13PDP-0126-SM-5L3HD,Normal,Normal
GTEX-13PVR-2326-SM-5QGR1,Normal,Normal
GTEX-13QJ3-0326-SM-5S2RA,Normal,Normal
GTEX-13RTJ-2426-SM-5S2Q2,Normal,Normal
GTEX-13RTK-1426-SM-5QGQJ,Normal,Normal
GTEX-13RTL-0126-SM-7LG5S,Normal,Normal
GTEX-13S7M-0126-SM-5SI6A,Normal,Normal
GTEX-13SLW-0126-SM-5SI6C,Normal,Normal
GTEX-13SLX-0526-SM-5S2ON,Normal,Normal
GTEX-13U4I-0126-SM-5LU38,Normal,Normal
GTEX-13VXT-0126-SM-5LU4I,Normal,Normal
GTEX-13VXU-0126-SM-5SI9F,Normal,Normal
GTEX-13W3W-2426-SM-5LU5B,Normal,Normal
GTEX-13W46-0226-SM-5SIAG,Normal,Normal
GTEX-13X6H-2126-SM-7EWD5,Normal,Normal
GTEX-13X6I-0626-SM-5QGP9,Normal,Normal
GTEX-13X6J-0126-SM-5QGOU,Normal,Normal
GTEX-13YAN-0326-SM-5O9DF,Normal,Normal
GTEX-144FL-0126-SM-5TDC8,Normal,Normal
GTEX-144GL-0126-SM-5TDE2,Normal,Normal
GTEX-144GN-2326-SM-5LU4F,Normal,Normal
GTEX-145LS-0126-SM-5QGP1,Normal,Normal
GTEX-145LT-1726-SM-5QGP3,Normal,Normal
GTEX-145LU-0126-SM-5TDCB,Normal,Normal
GTEX-145LV-2126-SM-5LU8N,Normal,Normal
GTEX-145ME-1826-SM-5SI9G,Normal,Normal
GTEX-145MF-0626-SM-5LUAI,Normal,Normal
GTEX-145MI-0526-SM-5O9A8,Normal,Normal
GTEX-145MN-2226-SM-5SIAU,Normal,Normal
GTEX-145MO-0326-SM-5Q5B3,Normal,Normal
GTEX-146FH-0126-SM-5QGPP,Normal,Normal
GTEX-146FQ-0126-SM-5NQA9,Normal,Normal
GTEX-146FR-1326-SM-E9J48,Normal,Normal
GTEX-14753-0426-SM-5NQAM,Normal,Normal
GTEX-147F3-0526-SM-5SI98,Normal,Normal
GTEX-147F4-0226-SM-5QGPW,Normal,Normal
GTEX-147GR-0526-SM-5S2MY,Normal,Normal
GTEX-148VI-1626-SM-5SI6E,Normal,Normal
GTEX-148VJ-0126-SM-5TDDN,Normal,Normal
GTEX-1497J-2426-SM-7IGNX,Normal,Normal
GTEX-14A5H-0426-SM-5QGQF,Normal,Normal
GTEX-14A5I-0126-SM-5TDEA,Normal,Normal
GTEX-14A6H-0126-SM-5QGPK,Normal,Normal
GTEX-14ABY-0226-SM-5TDCQ,Normal,Normal
GTEX-14BIL-0126-SM-5SI92,Normal,Normal
GTEX-14BIM-0226-SM-7IGLD,Normal,Normal
GTEX-14BIN-0626-SM-793DP,Normal,Normal
GTEX-14BMU-2226-SM-5TDE9,Normal,Normal
GTEX-14BMV-0126-SM-5S2PO,Normal,Normal
GTEX-14C5O-0126-SM-5SI6N,Normal,Normal
GTEX-14DAQ-0126-SM-5S2MQ,Normal,Normal
GTEX-14DAR-2026-SM-5S2O3,Normal,Normal
GTEX-14E6C-0126-SM-5RQIP,Normal,Normal
GTEX-14E6D-0126-SM-62LDV,Normal,Normal
GTEX-14E6E-1826-SM-5S2R7,Normal,Normal
GTEX-14E7W-0126-SM-6LLJ9,Normal,Normal
GTEX-14ICK-0226-SM-6EU25,Normal,Normal
GTEX-14JG1-0426-SM-6ETZZ,Normal,Normal
GTEX-14JG6-2226-SM-6EU2G,Normal,Normal
GTEX-14JIY-0126-SM-6LLH6,Normal,Normal
GTEX-14LLW-0126-SM-6LLIO,Normal,Normal
GTEX-14LZ3-0226-SM-62LET,Normal,Normal
GTEX-14PHW-0126-SM-6LLJI,Normal,Normal
GTEX-14PHX-2326-SM-62LEM,Normal,Normal
GTEX-14PII-0226-SM-6EU1T,Normal,Normal
GTEX-14PJ3-1826-SM-62LEX,Normal,Normal
GTEX-14PJ6-2126-SM-6EU1V,Normal,Normal
GTEX-14PJM-0226-SM-62LF1,Normal,Normal
GTEX-14PK6-1926-SM-6ETZU,Normal,Normal
GTEX-14PN3-2426-SM-6LLHS,Normal,Normal
GTEX-14PN4-0126-SM-6EU2V,Normal,Normal
GTEX-14XAO-2326-SM-6EU1B,Normal,Normal
GTEX-15CHC-2126-SM-6EU21,Normal,Normal
